{
  "hash": "d063088f",
  "configHash": "bb8a3c43",
  "lockfileHash": "b5bc3048",
  "browserHash": "703dcb5b",
  "optimized": {
    "@angular/common": {
      "src": "../../../../../node_modules/@angular/common/fesm2022/common.mjs",
      "file": "@angular_common.js",
      "fileHash": "2eefb8ed",
      "needsInterop": false
    },
    "@angular/common/http": {
      "src": "../../../../../node_modules/@angular/common/fesm2022/http.mjs",
      "file": "@angular_common_http.js",
      "fileHash": "e8a668c6",
      "needsInterop": false
    },
    "@angular/core": {
      "src": "../../../../../node_modules/@angular/core/fesm2022/core.mjs",
      "file": "@angular_core.js",
      "fileHash": "3f388d33",
      "needsInterop": false
    },
    "@angular/forms": {
      "src": "../../../../../node_modules/@angular/forms/fesm2022/forms.mjs",
      "file": "@angular_forms.js",
      "fileHash": "10ffd2a9",
      "needsInterop": false
    },
    "@angular/platform-browser": {
      "src": "../../../../../node_modules/@angular/platform-browser/fesm2022/platform-browser.mjs",
      "file": "@angular_platform-browser.js",
      "fileHash": "be596b3e",
      "needsInterop": false
    },
    "@angular/router": {
      "src": "../../../../../node_modules/@angular/router/fesm2022/router.mjs",
      "file": "@angular_router.js",
      "fileHash": "22425578",
      "needsInterop": false
    }
  },
  "chunks": {
    "chunk-PEHEFW4X": {
      "file": "chunk-PEHEFW4X.js"
    },
    "chunk-RWIWH72V": {
      "file": "chunk-RWIWH72V.js"
    },
    "chunk-46VL4GRD": {
      "file": "chunk-46VL4GRD.js"
    },
    "chunk-ORL24GRQ": {
      "file": "chunk-ORL24GRQ.js"
    }
  }
}